Symbol  ,Series  ,Date  ,Prev Close  ,Open Price  ,High Price  ,Low Price  ,Last Price  ,Close Price,Average Price ,Total Traded Quantity  ,Turnover â‚¹  ,No. of Trades  ,Deliverable Qty  ,% Dly Qt to Traded Qty  
KOTAKNIFTY,EQ,26-May-2023,195.52,196.24,197.58,195.87,197.56,197.48,196.71,61706,"1,21,38,056.99",382,55836,90.49
KOTAKNIFTY,EQ,29-May-2023,197.48,197.76,199,197.76,198.23,198.38,198.63,41331,"82,09,620.49",516,28176,68.17
KOTAKNIFTY,EQ,30-May-2023,198.38,199.14,199.15,198.14,199.08,199,198.78,15769,"31,34,553.70",317,9435,59.83
KOTAKNIFTY,EQ,31-May-2023,199,198.96,198.96,197.62,198.46,198.31,198.27,18270,"36,22,389.08",381,12840,70.28
KOTAKNIFTY,EQ,01-Jun-2023,198.31,199.02,199.02,197.13,197.21,197.3,198.15,14238,"28,21,310.79",337,11187,78.57
KOTAKNIFTY,EQ,02-Jun-2023,197.3,198.89,198.89,197.42,198,197.98,198.27,12500,"24,78,386.49",412,5836,46.69
KOTAKNIFTY,EQ,05-Jun-2023,197.98,199.14,199.4,198.51,198.99,198.71,199,26864,"53,45,836.13",528,17494,65.12
KOTAKNIFTY,EQ,06-Jun-2023,198.71,199.3,199.3,198.08,198.86,198.79,198.75,12736,"25,31,341.82",313,9742,76.49
KOTAKNIFTY,EQ,07-Jun-2023,198.79,198.8,200.46,198.8,200.19,200.3,200.1,"2,69,058","5,38,39,222.81",483,"2,51,174",93.35
KOTAKNIFTY,EQ,08-Jun-2023,200.3,200.72,201.02,199,199,199.25,199.58,"5,38,153","10,74,06,741.97",1249,"5,28,024",98.12
KOTAKNIFTY,EQ,09-Jun-2023,199.25,199.2,200.99,198.31,198.51,198.53,198.86,19469,"38,71,603.00",319,17557,90.18
KOTAKNIFTY,EQ,12-Jun-2023,198.53,200.89,200.89,198.4,198.64,198.81,198.71,15783,"31,36,167.60",499,13584,86.07
KOTAKNIFTY,EQ,13-Jun-2023,198.81,199.32,200.1,199.32,199.9,200.02,199.88,33539,"67,03,770.05",294,32455,96.77
KOTAKNIFTY,EQ,14-Jun-2023,200.02,200.02,201.5,199.76,200.58,200.36,200.24,12987,"26,00,482.40",353,12038,92.69
KOTAKNIFTY,EQ,15-Jun-2023,200.36,200.37,201,199.69,199.87,199.89,200.46,15687,"31,44,548.42",505,11793,75.18
KOTAKNIFTY,EQ,16-Jun-2023,199.89,199.99,201.74,199.99,200.67,201.18,200.89,36029,"72,38,021.58",513,32398,89.92
KOTAKNIFTY,EQ,19-Jun-2023,201.18,201.18,202,200.11,201.05,200.54,201.01,30337,"60,98,132.07",465,19587,64.56
KOTAKNIFTY,EQ,20-Jun-2023,200.54,200.45,201.73,199.58,201.13,201.56,200.49,27309,"54,75,073.21",466,15064,55.16
KOTAKNIFTY,EQ,21-Jun-2023,201.56,201.9,202.12,201.14,201.5,201.58,201.72,13628,"27,49,021.00",445,7180,52.69
KOTAKNIFTY,EQ,22-Jun-2023,201.58,202.2,202.2,200.77,200.9,200.85,201.42,21865,"44,04,003.39",374,16209,74.13
KOTAKNIFTY,EQ,23-Jun-2023,200.85,201.16,201.16,199.7,200,199.94,200.16,8916,"17,84,582.81",340,5468,61.33
KOTAKNIFTY,EQ,26-Jun-2023,199.94,199.94,201.75,199.67,199.71,200,200.07,9993,"19,99,278.04",381,6228,62.32
KOTAKNIFTY,EQ,27-Jun-2023,200,200,201.3,200,201.3,201.17,200.68,22738,"45,63,132.04",373,16292,71.65
KOTAKNIFTY,EQ,28-Jun-2023,201.17,201.17,203.09,201.15,202.34,202.44,202.45,33423,"67,66,424.96",427,30866,92.35
KOTAKNIFTY,EQ,30-Jun-2023,202.44,202.44,205.25,202.44,204.22,205.09,204.57,89698,"1,83,49,072.09",760,83649,93.26
KOTAKNIFTY,EQ,03-Jul-2023,205.09,207.8,211.25,205.09,206.5,206.41,206.19,51010,"1,05,17,687.42",771,38029,74.55
KOTAKNIFTY,EQ,04-Jul-2023,206.41,206.64,208.14,206.28,207.27,207.11,206.89,36843,"76,22,351.50",438,18100,49.13
KOTAKNIFTY,EQ,05-Jul-2023,207.11,207.11,208.2,206.9,206.97,207.13,207.39,66613,"1,38,15,124.84",408,61555,92.41
KOTAKNIFTY,EQ,06-Jul-2023,207.13,207.52,208.59,207.18,208.14,208.39,208.22,25608,"53,32,020.57",384,21585,84.29
KOTAKNIFTY,EQ,07-Jul-2023,208.39,208.38,208.99,206.42,207.25,206.59,207.17,"7,50,468","15,54,71,206.56",493,"7,36,526",98.14
KOTAKNIFTY,EQ,10-Jul-2023,206.59,207.99,207.99,206.01,207.33,207.09,207.46,51927,"1,07,72,518.64",598,48700,93.79
KOTAKNIFTY,EQ,11-Jul-2023,207.09,211.23,211.23,206.55,208,208.01,208.29,53059,"1,10,51,432.96",394,38660,72.86
KOTAKNIFTY,EQ,12-Jul-2023,208.01,208.77,208.79,207.42,207.96,207.62,207.95,21979,"45,70,506.12",337,13915,63.31
KOTAKNIFTY,EQ,13-Jul-2023,207.62,208.65,209.44,207.25,207.37,207.72,208.51,28864,"60,18,521.46",364,23123,80.11
KOTAKNIFTY,EQ,14-Jul-2023,207.72,207.4,209.55,207.4,209.47,209.12,208.31,33930,"70,67,832.74",367,22918,67.54
KOTAKNIFTY,EQ,17-Jul-2023,209.12,210,211.9,209.01,211.75,210.66,210.3,45282,"95,22,944.64",662,40507,89.45
KOTAKNIFTY,EQ,18-Jul-2023,210.66,210.4,212.3,210.4,211.6,211.34,211.15,47275,"99,81,997.06",481,36885,78.02
KOTAKNIFTY,EQ,19-Jul-2023,211.34,211.01,212.3,211.01,212.3,211.92,211.77,38494,"81,51,808.75",436,32179,83.59
KOTAKNIFTY,EQ,20-Jul-2023,211.92,213.75,213.75,210.25,212.36,212.59,212.11,22187,"47,05,994.64",411,17346,78.18
KOTAKNIFTY,EQ,21-Jul-2023,212.59,212.59,212.85,211,211.25,211.9,211.93,26007,"55,11,543.17",441,21445,82.46
KOTAKNIFTY,EQ,24-Jul-2023,211.9,218.25,218.25,209.51,210,210.57,210.18,"5,00,367","10,51,68,505.33",1010,"2,15,934",43.16
KOTAKNIFTY,EQ,25-Jul-2023,210.57,212,212.06,209.88,210.13,210.24,210.34,12789,"26,90,011.63",302,9145,71.51
KOTAKNIFTY,EQ,26-Jul-2023,210.24,210.25,212,210.25,211.6,211.51,211.27,67185,"1,41,94,364.98",312,46812,69.68
KOTAKNIFTY,EQ,27-Jul-2023,211.51,211.51,213.45,210.1,211.06,210.42,211.11,16577,"34,99,627.54",368,11431,68.96
KOTAKNIFTY,EQ,28-Jul-2023,210.42,210.59,210.61,209.42,210.27,210.34,209.9,21679,"45,50,459.16",419,19047,87.86
KOTAKNIFTY,EQ,31-Jul-2023,210.34,212.25,212.25,208.33,211.35,211.16,210.74,10670,"22,48,560.35",399,7245,67.9
KOTAKNIFTY,EQ,01-Aug-2023,211.16,211.11,212.99,210.88,211.1,211.24,211.2,28522,"60,23,819.88",365,27077,94.93
KOTAKNIFTY,EQ,02-Aug-2023,211.24,212.9,212.9,209.13,210,209.71,209.64,52085,"1,09,19,247.40",602,46090,88.49
KOTAKNIFTY,EQ,03-Aug-2023,209.71,211.45,211.45,207.4,208.1,208.11,208.02,47858,"99,55,228.78",557,41953,87.66
KOTAKNIFTY,EQ,04-Aug-2023,208.11,209.89,209.89,208.1,209.66,209.58,209.02,19137,"40,00,025.86",300,9831,51.37
KOTAKNIFTY,EQ,07-Aug-2023,209.58,209.58,210.48,208.98,209.91,209.9,209.59,17207,"36,06,461.68",472,8927,51.88
KOTAKNIFTY,EQ,08-Aug-2023,209.9,210.42,210.5,209.22,209.88,209.86,209.98,5253,"11,03,042.72",286,3141,59.79
KOTAKNIFTY,EQ,09-Aug-2023,209.86,210,211.79,208.36,210.7,210.08,209.31,22218,"46,50,342.29",337,20243,91.11
KOTAKNIFTY,EQ,10-Aug-2023,210.08,211.75,211.75,208.66,210,209.97,209.82,13130,"27,54,946.74",354,8992,68.48
KOTAKNIFTY,EQ,11-Aug-2023,209.97,211.35,211.35,208.67,208.89,208.89,209.04,15222,"31,82,011.43",309,13514,88.78
KOTAKNIFTY,EQ,14-Aug-2023,208.89,208.32,209.04,206.71,208.9,208.79,208.02,22351,"46,49,542.73",560,20052,89.71
KOTAKNIFTY,EQ,16-Aug-2023,208.79,208,209.32,207.5,209.1,209.1,208.25,19402,"40,40,549.96",480,12812,66.03
KOTAKNIFTY,EQ,17-Aug-2023,209.1,209.1,209.1,207.8,208,208.41,208.16,23579,"49,08,308.64",351,16583,70.33
KOTAKNIFTY,EQ,18-Aug-2023,208.41,208.41,208.41,206.71,207.3,207.62,207.08,59160,"1,22,50,768.95",394,52002,87.9
KOTAKNIFTY,EQ,21-Aug-2023,207.62,207.62,209.68,207.48,207.52,208.2,208.42,24387,"50,82,744.24",456,11337,46.49
KOTAKNIFTY,EQ,22-Aug-2023,208.2,208.2,208.89,207.5,208.2,207.75,208.29,4912,"10,23,115.55",278,3695,75.22
KOTAKNIFTY,EQ,23-Aug-2023,207.75,209.7,209.7,207.71,208.5,208.64,208.45,3928,"8,18,772.83",204,3107,79.1
KOTAKNIFTY,EQ,24-Aug-2023,208.64,208.64,210.44,207.86,208.29,208.05,209.11,"1,22,788","2,56,76,608.66",367,16695,13.6
KOTAKNIFTY,EQ,25-Aug-2023,208.05,209.75,209.75,206.36,206.59,207.1,207.24,20978,"43,47,420.85",388,13101,62.45
KOTAKNIFTY,EQ,28-Aug-2023,207.1,209,209,206.4,207.11,207.21,207.14,17783,"36,83,588.11",406,10739,60.39
KOTAKNIFTY,EQ,29-Aug-2023,207.21,207.21,208.75,207.14,207.27,207.54,207.29,18455,"38,25,522.64",236,15315,82.99
KOTAKNIFTY,EQ,30-Aug-2023,207.54,209.5,209.5,207.55,207.89,207.85,208.35,10036,"20,91,011.91",259,7819,77.91
KOTAKNIFTY,EQ,31-Aug-2023,207.85,208,208.2,206.7,206.75,207.09,207.24,19479,"40,36,763.15",455,11812,60.64
KOTAKNIFTY,EQ,01-Sep-2023,207.09,207.08,208.69,205.56,208.2,208.54,208.02,13786,"28,67,724.99",319,12039,87.33
KOTAKNIFTY,EQ,04-Sep-2023,208.54,208.54,209.5,208.28,209.44,209.34,209.17,11096,"23,20,958.85",372,9526,85.85
KOTAKNIFTY,EQ,05-Sep-2023,209.34,210.2,210.2,209.35,209.58,209.72,209.82,13739,"28,82,719.44",345,9925,72.24
KOTAKNIFTY,EQ,06-Sep-2023,209.72,210.75,210.77,208.66,210.77,210.18,209.91,20038,"42,06,246.65",337,14589,72.81
KOTAKNIFTY,EQ,07-Sep-2023,210.18,210.18,212.18,209.6,211.08,211.23,210.69,35164,"74,08,725.77",405,32337,91.96
KOTAKNIFTY,EQ,08-Sep-2023,211.23,213.25,213.25,211.23,212.5,212.46,212.49,28092,"59,69,340.43",325,21119,75.18
KOTAKNIFTY,EQ,11-Sep-2023,212.46,212.46,214.49,212.46,214.39,214.27,213.93,34964,"74,79,901.34",527,31771,90.87
KOTAKNIFTY,EQ,12-Sep-2023,214.27,215.99,215.99,213.3,213.3,214.02,214.35,62378,"1,33,70,779.68",376,54510,87.39
KOTAKNIFTY,EQ,13-Sep-2023,214.02,214.1,215.49,213.95,214.78,214.98,214.99,26538,"57,05,470.94",296,25071,94.47
KOTAKNIFTY,EQ,14-Sep-2023,214.98,214.98,216.25,214.61,215.5,215.28,215.34,42365,"91,22,708.45",388,28728,67.81
KOTAKNIFTY,EQ,15-Sep-2023,215.28,216.08,216.6,215.82,216.4,216.44,216.3,26938,"58,26,664.96",424,23514,87.29
KOTAKNIFTY,EQ,18-Sep-2023,216.44,216.44,218.4,215.85,216.15,216.19,216.23,57547,"1,24,43,411.98",458,54062,93.94
KOTAKNIFTY,EQ,20-Sep-2023,216.19,216.18,216.18,213.54,214.24,214.17,214.62,19060,"40,90,695.06",488,14424,75.68
KOTAKNIFTY,EQ,21-Sep-2023,214.17,213.67,213.67,212,212.05,212.54,212.62,40068,"85,19,214.36",456,24345,60.76
KOTAKNIFTY,EQ,22-Sep-2023,212.54,212.54,214.44,211.23,212.02,211.63,212.01,27445,"58,18,528.01",392,25815,94.06
KOTAKNIFTY,EQ,25-Sep-2023,211.63,213.67,213.67,210.6,210.96,211.05,211.35,14975,"31,64,978.06",451,13241,88.42
KOTAKNIFTY,EQ,26-Sep-2023,211.05,211.65,211.91,211.01,211.62,211.52,211.6,17833,"37,73,479.75",227,11216,62.89
KOTAKNIFTY,EQ,27-Sep-2023,211.52,213.24,213.24,210.11,211.42,211.79,210.71,53693,"1,13,13,388.76",377,39068,72.76
KOTAKNIFTY,EQ,28-Sep-2023,211.79,213.44,213.44,209.6,210,209.9,210.41,13599,"28,61,384.27",418,10807,79.47
KOTAKNIFTY,EQ,29-Sep-2023,209.9,209.9,215,209.77,215,211.51,210.9,9898,"20,87,480.27",366,5949,60.1
KOTAKNIFTY,EQ,03-Oct-2023,211.51,211.5,211.5,209.08,209.89,209.91,209.59,31448,"65,91,311.22",747,22198,70.59
KOTAKNIFTY,EQ,04-Oct-2023,209.91,209,211.4,208,209.42,209.03,208.56,41842,"87,26,409.39",511,24105,57.61
KOTAKNIFTY,EQ,05-Oct-2023,209.03,211,211,209.33,210,210,209.9,37966,"79,69,215.40",312,25688,67.66
KOTAKNIFTY,EQ,06-Oct-2023,210,210.01,211.28,210.01,210.74,211.04,210.81,20815,"43,87,991.37",323,12528,60.19
KOTAKNIFTY,EQ,09-Oct-2023,211.04,212.39,213,209,209.9,210.59,210.22,51137,"1,07,50,111.57",529,31990,62.56
KOTAKNIFTY,EQ,10-Oct-2023,210.59,210.58,212.7,210.25,211.72,211.81,211.5,10929,"23,11,455.48",343,3932,35.98
KOTAKNIFTY,EQ,11-Oct-2023,211.81,213.8,214.25,210.25,213.11,213.46,213.18,31859,"67,91,651.87",406,7759,24.35
KOTAKNIFTY,EQ,12-Oct-2023,213.46,216.25,216.25,212.51,213,212.98,213.22,20166,"42,99,874.97",250,13711,67.99
KOTAKNIFTY,EQ,13-Oct-2023,212.98,211.83,213,211.23,213,212.27,212.02,15186,"32,19,679.66",291,12286,80.9
KOTAKNIFTY,EQ,16-Oct-2023,212.27,212.27,214,211.65,212.07,211.96,212.02,30886,"65,48,556.14",463,25998,84.17
KOTAKNIFTY,EQ,17-Oct-2023,211.96,213.74,213.75,211.97,212.64,212.42,212.69,11266,"23,96,171.99",335,7189,63.81
KOTAKNIFTY,EQ,18-Oct-2023,212.42,212.15,213.1,211,211.43,211.3,211.61,36101,"76,39,405.19",360,26283,72.8
KOTAKNIFTY,EQ,19-Oct-2023,211.3,211,211.1,209.61,210.74,210.75,210.36,10390,"21,85,609.52",360,9138,87.95
KOTAKNIFTY,EQ,20-Oct-2023,210.75,210.01,210.22,209.39,209.8,209.78,209.78,14619,"30,66,835.00",406,10625,72.68
KOTAKNIFTY,EQ,23-Oct-2023,209.78,209.77,210,207.09,207.71,207.53,208.75,31683,"66,13,970.39",653,17665,55.76
KOTAKNIFTY,EQ,25-Oct-2023,207.53,209.44,209.6,205.41,209.6,206.44,206.89,"1,56,593","3,23,97,619.74",909,"1,42,556",91.04
KOTAKNIFTY,EQ,26-Oct-2023,206.44,205.91,205.91,202.89,203.54,203.25,203.55,90122,"1,83,44,053.19",1147,76793,85.21
KOTAKNIFTY,EQ,27-Oct-2023,203.25,205.4,205.7,203.26,205.35,205.14,204.87,22038,"45,15,002.23",574,19408,88.07
KOTAKNIFTY,EQ,30-Oct-2023,205.14,205.14,207.45,204.1,206.8,205.81,205.47,36666,"75,33,705.84",469,25591,69.79
KOTAKNIFTY,EQ,31-Oct-2023,205.81,206.99,206.99,205.04,205.4,205.34,205.61,22314,"45,87,985.97",413,20552,92.1
KOTAKNIFTY,EQ,01-Nov-2023,205.34,205.61,206.25,204.28,205.06,204.47,205.02,22049,"45,20,575.49",466,19155,86.87
KOTAKNIFTY,EQ,02-Nov-2023,204.47,204.46,206.8,204.46,206.21,206.42,206.15,15257,"31,45,192.44",297,9985,65.45
KOTAKNIFTY,EQ,03-Nov-2023,206.42,207.04,207.83,206.65,206.7,206.94,207.21,11212,"23,23,187.14",286,6910,61.63
KOTAKNIFTY,EQ,06-Nov-2023,206.94,206.94,209.37,206.94,209.35,209.03,208.52,18237,"38,02,810.26",438,9116,49.99
KOTAKNIFTY,EQ,07-Nov-2023,209.03,208.65,209.32,208.25,209.32,209.15,208.78,22014,"45,96,036.84",248,21516,97.74
KOTAKNIFTY,EQ,08-Nov-2023,209.15,209,209.64,208.61,208.9,209.06,209.01,11539,"24,11,719.99",278,7555,65.47
KOTAKNIFTY,EQ,09-Nov-2023,209.06,210.74,210.74,207.34,208.75,208.81,209.13,7131,"14,91,310.57",293,4493,63.01
KOTAKNIFTY,EQ,10-Nov-2023,208.81,208.96,209.54,207.56,209.54,209.27,208.66,8403,"17,53,365.41",328,5852,69.64
KOTAKNIFTY,EQ,12-Nov-2023,209.27,209.27,211.7,209.27,210.6,210.31,210.25,28983,"60,93,694.84",322,21285,73.44
KOTAKNIFTY,EQ,13-Nov-2023,210.31,210.06,210.06,208.78,209.31,209.67,209.34,13652,"28,57,958.75",424,9766,71.54
KOTAKNIFTY,EQ,15-Nov-2023,209.67,211.89,211.89,210,210.8,211.23,210.97,67500,"1,42,40,494.15",483,52495,77.77
KOTAKNIFTY,EQ,16-Nov-2023,211.23,211.3,213.49,211,212.63,212.77,212.71,74666,"1,58,82,087.58",493,63873,85.54
KOTAKNIFTY,EQ,17-Nov-2023,212.77,214.4,214.4,211.74,212.24,212.22,212.32,12228,"25,96,295.49",316,10881,88.98
KOTAKNIFTY,EQ,20-Nov-2023,212.22,212.21,212.48,211.25,212.24,212.15,211.95,13706,"29,05,025.96",370,9383,68.46
KOTAKNIFTY,EQ,21-Nov-2023,212.15,212,213.49,212,212.95,212.57,212.6,8032,"17,07,623.02",307,5435,67.67
KOTAKNIFTY,EQ,22-Nov-2023,212.57,212.57,213.4,211.94,213.35,212.97,212.66,7041,"14,97,318.55",309,5706,81.04
KOTAKNIFTY,EQ,23-Nov-2023,212.97,212.97,214.75,212.55,212.98,212.81,213.34,6237,"13,30,578.62",291,4594,73.66
KOTAKNIFTY,EQ,24-Nov-2023,212.81,212.74,213.53,212.31,212.99,212.87,212.59,52681,"1,11,99,492.41",285,50198,95.29
KOTAKNIFTY,EQ,28-Nov-2023,212.87,212.87,213.99,212.52,213.8,213.53,212.98,61005,"1,29,92,748.79",525,54904,90
KOTAKNIFTY,EQ,29-Nov-2023,213.53,213.53,216,213.53,215.7,215.67,215.04,39592,"85,13,727.79",435,33148,83.72
KOTAKNIFTY,EQ,30-Nov-2023,215.67,215.67,216.59,215.11,216.37,216.15,215.94,13695,"29,57,327.29",365,11234,82.03
KOTAKNIFTY,EQ,01-Dec-2023,216.15,218.5,218.5,214.1,217.55,217.54,217.45,30411,"66,12,880.19",547,23683,77.88
KOTAKNIFTY,EQ,04-Dec-2023,217.54,218.1,222.45,218.1,222.35,221.99,221.06,42654,"94,28,973.48",701,35619,83.51
KOTAKNIFTY,EQ,05-Dec-2023,221.99,224,224,222.01,223.89,223.77,223.09,28004,"62,47,415.40",499,22389,79.95
KOTAKNIFTY,EQ,06-Dec-2023,223.77,225.5,226.45,223.75,225,224.43,224.74,20058,"45,07,928.15",470,15230,75.93
KOTAKNIFTY,EQ,07-Dec-2023,224.43,224.43,225,224.03,224.55,224.84,224.61,16740,"37,59,953.47",454,12662,75.64
KOTAKNIFTY,EQ,08-Dec-2023,224.84,224.84,226.49,223.56,224.97,225.77,225.23,17021,"38,33,639.77",464,10600,62.28
KOTAKNIFTY,EQ,11-Dec-2023,225.77,225.69,226.68,224.04,225.94,225.42,225.68,37245,"84,05,402.68",545,24251,65.11
KOTAKNIFTY,EQ,12-Dec-2023,225.42,225.87,226.37,224.11,225,224.77,225.28,15948,"35,92,790.82",592,10781,67.6
KOTAKNIFTY,EQ,13-Dec-2023,224.77,224.77,225.19,223.12,224.49,224.49,223.94,17359,"38,87,376.44",480,11479,66.13
KOTAKNIFTY,EQ,14-Dec-2023,224.49,224.55,227.98,224.55,227.54,227.53,227.29,23617,"53,67,796.26",466,18078,76.55
KOTAKNIFTY,EQ,15-Dec-2023,227.53,227.53,231.21,227.53,229.94,230.28,229.18,25741,"58,99,216.44",489,15737,61.14
KOTAKNIFTY,EQ,18-Dec-2023,230.28,230.28,231.14,229.46,231.08,230.6,230.69,36757,"84,79,574.91",534,26535,72.19
KOTAKNIFTY,EQ,19-Dec-2023,230.6,230.6,231.55,229.29,230.35,230.62,230.67,9733,"22,45,099.17",355,6403,65.79
KOTAKNIFTY,EQ,20-Dec-2023,230.62,230.62,232.41,227.2,228.13,227.57,229.86,31802,"73,10,049.18",474,23594,74.19
KOTAKNIFTY,EQ,21-Dec-2023,227.57,229.6,229.6,225,228.8,228.41,227.73,28509,"64,92,384.63",497,10485,36.78
KOTAKNIFTY,EQ,22-Dec-2023,228.41,230.45,230.45,228.14,229.36,229.17,229.08,19031,"43,59,528.20",321,16193,85.09
KOTAKNIFTY,EQ,26-Dec-2023,229.17,231,231,229.17,230.83,230.33,229.84,24411,"56,10,713.57",504,21509,88.11
KOTAKNIFTY,EQ,27-Dec-2023,230.33,230.32,232.7,229.56,232.13,232.36,231.82,48081,"1,11,45,976.54",372,15320,31.86
KOTAKNIFTY,EQ,28-Dec-2023,232.36,234.4,234.4,232.77,233.04,233.72,233.38,20545,"47,94,892.70",410,18201,88.59
KOTAKNIFTY,EQ,29-Dec-2023,233.72,233,234.25,232,233.36,233.55,233.62,34844,"81,40,419.36",441,30856,88.55
KOTAKNIFTY,EQ,01-Jan-2024,233.55,233.55,235.29,232.73,233.3,233.77,233.7,21007,"49,09,294.49",561,15282,72.75
KOTAKNIFTY,EQ,02-Jan-2024,233.77,233.77,233.77,231.3,233.46,232.77,232.5,47285,"1,09,93,583.55",488,35150,74.34
KOTAKNIFTY,EQ,03-Jan-2024,232.77,232.77,232.77,230,231.78,231.56,231.98,16058,"37,25,150.40",419,10921,68.01
KOTAKNIFTY,EQ,04-Jan-2024,231.56,231.56,233.5,230,233.5,232.75,232.67,23171,"53,91,301.64",336,10097,43.58
KOTAKNIFTY,EQ,05-Jan-2024,232.75,232.75,233.94,232.3,233.69,233.44,233.24,8217,"19,16,572.13",393,6135,74.66
KOTAKNIFTY,EQ,08-Jan-2024,233.44,235.37,235.37,231.08,231.47,231.43,232.53,28662,"66,64,833.71",702,17472,60.96
KOTAKNIFTY,EQ,09-Jan-2024,231.43,231.43,233.49,231.3,231.7,231.66,232.92,20070,"46,74,666.05",320,16119,80.31
KOTAKNIFTY,EQ,10-Jan-2024,231.66,223.45,232.69,223.45,232.35,232.34,232.05,79464,"1,84,39,230.26",389,21511,27.07
KOTAKNIFTY,EQ,11-Jan-2024,232.34,233.23,233.5,232.22,232.87,232.48,232.91,18179,"42,34,046.82",347,13717,75.46
KOTAKNIFTY,EQ,12-Jan-2024,232.48,233.99,235.5,232.49,234.77,235.02,234.46,23726,"55,62,760.37",449,18487,77.92
KOTAKNIFTY,EQ,15-Jan-2024,235.02,234.5,237.63,233.55,237.55,237.35,236.83,25977,"61,52,070.65",658,17494,67.34
KOTAKNIFTY,EQ,16-Jan-2024,237.35,239.8,239.8,236.02,236.57,236.75,236.93,8179,"19,37,841.51",372,5855,71.59
KOTAKNIFTY,EQ,17-Jan-2024,236.75,235.13,235.54,231.73,232.37,232.1,233.43,79474,"1,85,51,705.24",898,67008,84.31
KOTAKNIFTY,EQ,18-Jan-2024,232.1,233.75,234.9,229.26,231.25,231.57,230.85,54094,"1,24,87,818.48",549,40555,74.97
KOTAKNIFTY,EQ,19-Jan-2024,231.57,231.57,233.34,231.57,233.24,232.77,232.85,8110,"18,88,420.28",321,5116,63.08
KOTAKNIFTY,EQ,20-Jan-2024,232.77,233.26,233.99,232.2,232.73,232.58,233.17,11669,"27,20,889.82",274,7611,65.22
KOTAKNIFTY,EQ,23-Jan-2024,232.58,232.58,235,227.74,227.83,228.96,230.28,74218,"1,70,91,241.61",1071,61702,83.14
KOTAKNIFTY,EQ,24-Jan-2024,228.96,228.96,232.9,228,230.97,231.14,230.15,17940,"41,28,905.89",521,11181,62.32
KOTAKNIFTY,EQ,25-Jan-2024,231.14,231.15,231.15,228.8,230,230.29,229.94,22971,"52,81,914.99",449,15489,67.43
KOTAKNIFTY,EQ,29-Jan-2024,230.29,230.29,234.28,230.29,233.68,233.49,232.66,24159,"56,20,758.54",588,17878,74
KOTAKNIFTY,EQ,30-Jan-2024,233.49,233.49,235.98,231.5,231.91,231.94,232.96,7817,"18,21,051.37",357,4963,63.49
KOTAKNIFTY,EQ,31-Jan-2024,231.94,231.94,234.18,231.13,233.72,233.66,233.2,19471,"45,40,684.64",385,12458,63.98
KOTAKNIFTY,EQ,01-Feb-2024,233.66,233.61,234.9,233.21,233.4,233.64,234.05,38541,"90,20,688.75",410,15400,39.96
KOTAKNIFTY,EQ,02-Feb-2024,233.64,233.64,237.7,233.64,235.34,235.02,236.31,22978,"54,29,917.92",479,16741,72.86
KOTAKNIFTY,EQ,05-Feb-2024,235.02,235.02,236.6,233.54,233.9,234.09,235.55,19090,"44,96,655.34",620,13052,68.37
KOTAKNIFTY,EQ,06-Feb-2024,234.09,234.26,236.3,234.01,235.97,235.7,235.43,11615,"27,34,552.72",397,8488,73.08
KOTAKNIFTY,EQ,07-Feb-2024,235.7,238.8,239.6,235.26,236.7,236.27,236.26,16560,"39,12,517.31",476,10124,61.14
KOTAKNIFTY,EQ,08-Feb-2024,236.27,236.27,237.42,233.58,235.03,234.47,235.08,42311,"99,46,618.34",597,21610,51.07
KOTAKNIFTY,EQ,09-Feb-2024,234.47,234.47,235,232.03,234.85,234.76,234.2,12910,"30,23,488.99",407,7028,54.44
KOTAKNIFTY,EQ,12-Feb-2024,234.76,234.76,235.19,232.61,233.67,233.21,233.61,59660,"1,39,37,330.47",532,53620,89.88
KOTAKNIFTY,EQ,13-Feb-2024,233.21,233.2,234.97,231.56,234.58,234.31,233.79,12352,"28,87,829.45",446,7223,58.48
KOTAKNIFTY,EQ,14-Feb-2024,234.31,233.5,235.81,232.39,235.81,235.39,234.71,30504,"71,59,523.64",426,21250,69.66
KOTAKNIFTY,EQ,15-Feb-2024,235.39,235.39,237.39,234.93,236.35,236.01,235.35,19748,"46,47,736.04",389,16092,81.49
KOTAKNIFTY,EQ,16-Feb-2024,236.01,236.01,238,235.03,237.03,237.16,237.09,34097,"80,84,087.62",404,30440,89.27
KOTAKNIFTY,EQ,19-Feb-2024,237.16,237.16,239.63,236.77,238.6,238.64,238.73,47671,"1,13,80,563.28",648,33923,71.16
KOTAKNIFTY,EQ,20-Feb-2024,238.64,240.39,240.4,237.37,239.56,239.03,238.53,14894,"35,52,614.18",411,8139,54.65
KOTAKNIFTY,EQ,21-Feb-2024,239.03,239.03,239.65,237,237.55,237.5,238.91,38196,"91,25,229.04",452,31487,82.44
KOTAKNIFTY,EQ,22-Feb-2024,237.5,237.5,239.49,236.1,239.16,239.09,237.38,45119,"1,07,10,496.90",375,39808,88.23
KOTAKNIFTY,EQ,23-Feb-2024,239.09,239.09,240.25,238.72,239.2,239.05,239.39,5596,"13,39,652.83",312,3066,54.79
KOTAKNIFTY,EQ,26-Feb-2024,239.05,239.05,239.05,237.8,238.2,238.53,238.41,21048,"50,17,992.33",474,16331,77.59
KOTAKNIFTY,EQ,27-Feb-2024,238.53,238.41,239.27,238,238.83,238.92,238.65,7292,"17,40,249.97",291,6005,82.35
KOTAKNIFTY,EQ,28-Feb-2024,238.92,239.37,239.37,236.07,236.77,236.48,237.67,19495,"46,33,426.16",536,11557,59.28
KOTAKNIFTY,EQ,29-Feb-2024,236.48,236.04,237.89,235.5,237.89,236.92,236.15,25347,"59,85,578.17",376,20533,81.01
KOTAKNIFTY,EQ,01-Mar-2024,236.92,244.05,244.05,236.92,239.95,240.18,239.45,19397,"46,44,557.52",543,14264,73.54
KOTAKNIFTY,EQ,02-Mar-2024,240.18,240.18,241.34,240.18,240.48,240.52,240.65,3063,"7,37,121.02",88,2014,65.75
KOTAKNIFTY,EQ,04-Mar-2024,240.52,240.52,241.58,240.52,240.93,241.08,241.1,20831,"50,22,450.17",547,18232,87.52
KOTAKNIFTY,EQ,05-Mar-2024,241.08,241.08,241.36,240.01,240.42,240.69,240.73,10854,"26,12,874.99",373,9640,88.82
KOTAKNIFTY,EQ,06-Mar-2024,240.69,240.58,242.26,239.52,241.58,242.11,240.91,13703,"33,01,255.76",424,9487,69.23
KOTAKNIFTY,EQ,07-Mar-2024,242.11,242.11,242.66,241.43,241.91,242,241.9,20185,"48,82,672.60",457,15578,77.18
KOTAKNIFTY,EQ,11-Mar-2024,242,242.15,244.75,240.17,240.51,240.58,241.63,11864,"28,66,741.88",653,7167,60.41
KOTAKNIFTY,EQ,12-Mar-2024,240.58,240.78,242.16,239.97,240.66,240.49,241.08,18817,"45,36,330.34",461,14107,74.97
KOTAKNIFTY,EQ,13-Mar-2024,240.49,240.49,242.25,236.26,236.98,237.02,238.8,"1,64,666","3,93,22,661.45",713,97293,59.09
KOTAKNIFTY,EQ,14-Mar-2024,237.02,237,239.45,236.48,238.88,238.68,238.31,27469,"65,46,113.68",533,20784,75.66
KOTAKNIFTY,EQ,15-Mar-2024,238.68,238.68,238.68,236.06,237.44,237.45,237.49,31917,"75,80,093.05",520,10916,34.2
KOTAKNIFTY,EQ,18-Mar-2024,237.45,237.45,238.44,236.5,237.85,237.38,237.23,23305,"55,28,674.47",493,16858,72.34
KOTAKNIFTY,EQ,19-Mar-2024,237.38,237.38,241.1,235,235.38,235.18,235.49,32634,"76,84,966.26",528,25689,78.72
NIFTY1,EQ,20-Mar-2024,235.18,239.2,239.2,234.08,235.5,235.05,235.26,15947,"37,51,665.94",851,6478,40.62
NIFTY1,EQ,21-Mar-2024,235.05,235.25,240,235.25,237.56,237.36,237.04,70994,"1,68,28,702.15",518,60121,84.68
NIFTY1,EQ,22-Mar-2024,237.36,236.38,238.99,235.88,238.25,238.1,237.97,15074,"35,87,150.06",471,9605,63.72
NIFTY1,EQ,26-Mar-2024,238.1,237.47,238.1,236.9,237.4,237.16,237.51,16694,"39,65,064.83",602,10494,62.86
NIFTY1,EQ,27-Mar-2024,237.16,237.65,239.09,237.01,238.28,238.53,238.61,36687,"87,53,929.77",434,33861,92.3
NIFTY1,EQ,28-Mar-2024,238.53,238.53,242,238.53,240,240.56,240.66,22784,"54,83,125.86",526,14012,61.5
NIFTY1,EQ,01-Apr-2024,240.56,240.56,242.4,240.56,242,241.75,241.68,20744,"50,13,483.50",622,13430,64.74
NIFTY1,EQ,02-Apr-2024,241.75,241.75,243.62,241.27,243.62,242.53,242.29,"3,76,364","9,11,87,921.35",1014,"3,57,828",95.07
NIFTY1,EQ,03-Apr-2024,242.53,242.52,245.95,241.09,242.16,243.1,242.96,"8,86,491","21,53,79,689.93",1572,"8,56,710",96.64
NIFTY1,EQ,04-Apr-2024,243.1,243.52,244.14,240.95,243.44,243.09,241.93,30303,"73,31,329.51",632,21391,70.59
NIFTY1,EQ,05-Apr-2024,243.09,242.84,244,242.11,243.25,243.05,242.83,10588,"25,71,109.88",599,8701,82.18
NIFTY1,EQ,08-Apr-2024,243.05,243.02,245.1,242.86,244,244.32,243.85,23244,"56,67,984.37",643,20671,88.93
NIFTY1,EQ,09-Apr-2024,244.32,247.1,247.1,244.25,244.3,244.33,244.58,23105,"56,51,031.66",569,18937,81.96
NIFTY1,EQ,10-Apr-2024,244.33,244.33,246.4,243.95,244.56,244.67,244.35,"1,40,741","3,43,90,524.55",572,"1,30,821",92.95
NIFTY1,EQ,12-Apr-2024,244.67,244.67,247,242.75,243.13,243.02,243.76,72613,"1,77,00,145.78",780,65653,90.41
NIFTY1,EQ,15-Apr-2024,243.02,242.01,243.75,240.15,240.3,240.26,240.87,"2,08,753","5,02,83,048.82",1060,"1,39,710",66.93
NIFTY1,EQ,16-Apr-2024,240.26,244.25,244.25,238.06,238.84,238.8,239.1,31580,"75,50,808.73",644,22039,69.79
NIFTY1,EQ,18-Apr-2024,238.8,239,240.55,237.03,238.18,237.43,238.92,96199,"2,29,83,544.38",914,44539,46.3
NIFTY1,EQ,19-Apr-2024,237.43,235.6,239.24,235.26,239.1,238.76,236.64,70496,"1,66,82,331.82",1050,52334,74.24
NIFTY1,EQ,22-Apr-2024,238.76,238.76,241.6,238.76,241.34,240.83,240.27,51147,"1,22,88,965.80",946,27401,53.57
NIFTY1,EQ,23-Apr-2024,240.83,240.83,242.01,240.81,241.34,241.26,240.98,"1,06,335","2,56,24,094.74",990,91561,86.11
NIFTY1,EQ,24-Apr-2024,241.26,241.44,242.39,241,241.21,241.3,241.8,14033,"33,93,127.60",424,10604,75.56
NIFTY1,EQ,25-Apr-2024,241.3,241,243.67,239.33,242.72,243.08,242.19,34153,"82,71,379.95",629,20652,60.47
NIFTY1,EQ,26-Apr-2024,243.08,243.31,243.33,241.63,242.42,242.12,242.54,"1,12,716","2,73,38,316.67",3030,"1,06,191",94.21
NIFTY1,EQ,29-Apr-2024,242.12,242.12,247.1,241.82,247.1,244.86,243.6,"2,40,954","5,86,95,464.40",5272,"2,14,691",89.1
NIFTY1,EQ,30-Apr-2024,244.86,246.99,251.55,243.62,251.27,245.11,245.28,"2,34,763","5,75,81,817.21",1436,"2,09,383",89.19
NIFTY1,EQ,02-May-2024,245.11,245.11,248.1,244.19,244.72,244.82,244.72,35676,"87,30,728.22",752,31170,87.37
NIFTY1,EQ,03-May-2024,244.82,245.02,247,241.16,242.57,242.68,242.86,66220,"1,60,82,264.68",876,54577,82.42
NIFTY1,EQ,06-May-2024,242.68,249.95,249.95,241.49,242.2,242.08,241.99,"1,73,386","4,19,58,007.43",873,95366,55
NIFTY1,EQ,07-May-2024,242.08,242.08,242.76,239.63,240.65,240.6,240.58,"1,73,979","4,18,56,130.49",857,"1,58,518",91.11
NIFTY1,EQ,08-May-2024,240.6,240.31,241.49,239.5,240.99,240.58,240.51,"1,68,718","4,05,78,784.45",981,"1,29,594",76.81
NIFTY1,EQ,09-May-2024,240.58,240.57,240.83,236.89,237.7,237.18,238.77,"1,99,885","4,77,27,163.26",1815,"1,87,287",93.7
NIFTY1,EQ,10-May-2024,237.18,237.01,239,237,238.55,237.98,238.18,"5,02,186","11,96,12,995.82",5098,"4,09,458",81.54
NIFTY1,EQ,13-May-2024,237.98,237.98,239.3,235.95,239,238.88,238.12,"2,10,723","5,01,77,644.71",1429,"1,86,287",88.4
NIFTY1,EQ,14-May-2024,238.88,238.87,240.68,238.51,240.34,240.19,239.69,"2,83,358","6,79,19,231.61",2316,"1,93,120",68.15
NIFTY1,EQ,15-May-2024,240.19,240.83,241,239.39,240.18,240.06,240.05,"3,07,802","7,38,88,654.96",1192,"1,75,035",56.87
NIFTY1,EQ,16-May-2024,240.06,240.57,246,238.52,241,242.09,240.82,"2,70,562","6,51,56,554.46",3256,"2,32,252",85.84
NIFTY1,EQ,17-May-2024,242.09,242.09,243.7,241.07,243.17,242.91,242.8,"2,09,717","5,09,18,667.29",1493,"1,69,395",80.77
NIFTY1,EQ,18-May-2024,242.91,242.9,243.9,240.73,242.11,242.46,242.48,5700,"13,82,124.71",115,3560,62.46
NIFTY1,EQ,21-May-2024,242.46,244,244,240.73,243.15,243.44,242.71,"3,33,021","8,08,28,294.30",1370,"2,21,599",66.54
NIFTY1,EQ,22-May-2024,243.44,243.44,244.32,242.39,244.32,244.04,243.66,70437,"1,71,62,904.67",640,55805,79.23
NIFTY1,EQ,23-May-2024,244.04,242.01,248.93,242.01,247.77,247.92,246.88,"1,70,708","4,21,44,210.78",976,"1,40,990",82.59
NIFTY1,EQ,24-May-2024,247.92,247.91,248.57,247.09,248.36,248.39,248.03,"1,36,638","3,38,90,877.20",1166,"1,07,396",78.6
