Symbol,Series,Date,Prev Close,Open Price,High Price,Low Price,Last Price,Close Price,Average Price,Total Traded Quantity,Turnover,No. of Trades,Deliverable Qty,% Dly Qt to Traded Qty
KOTAKNIFTY,EQ,26-May-2022,169.97,171,171.4,168.35,171.37,171.02,170.16,41594,"70,77,450.11",497,19515,46.92
KOTAKNIFTY,EQ,27-May-2022,171.02,170.41,174.49,170.41,172.95,172.54,172.58,19106,"32,97,290.86",310,11201,58.63
KOTAKNIFTY,EQ,30-May-2022,172.54,172.8,175.7,172.8,175.02,175.15,174.63,"1,11,370","1,94,48,711.45",866,89692,80.54
KOTAKNIFTY,EQ,31-May-2022,175.15,176.89,176.89,174.28,175.39,175.11,175.08,46958,"82,21,328.97",411,6829,14.54
KOTAKNIFTY,EQ,01-Jun-2022,175.11,177.18,177.18,173.9,174.94,174.85,175.27,72766,"1,27,53,661.53",396,65544,90.08
KOTAKNIFTY,EQ,02-Jun-2022,174.85,171.35,175.88,171.35,175.4,175.42,175.04,8231,"14,40,792.54",261,5539,67.29
KOTAKNIFTY,EQ,03-Jun-2022,175.42,177.95,178.25,175.02,176,175.46,176.6,31338,"55,34,402.74",504,16814,53.65
KOTAKNIFTY,EQ,06-Jun-2022,175.46,177.9,179.01,174.01,175.76,175.63,174.96,17465,"30,55,656.94",558,8026,45.95
KOTAKNIFTY,EQ,07-Jun-2022,175.63,178.5,178.5,173.31,174.15,174.4,174.07,19752,"34,38,301.95",445,13764,69.68
KOTAKNIFTY,EQ,08-Jun-2022,174.4,179.7,179.7,173.1,173.17,173.23,174.14,28822,"50,19,144.28",400,21294,73.88
KOTAKNIFTY,EQ,09-Jun-2022,173.23,188.8,188.8,172.51,174.17,174.32,173.51,7037,"12,20,960.94",327,3624,51.5
KOTAKNIFTY,EQ,10-Jun-2022,174.32,174.29,174.29,172,172.29,172.35,172.88,33593,"58,07,461.32",511,31628,94.15
KOTAKNIFTY,EQ,13-Jun-2022,172.35,171,171.28,167,169.5,168.52,168.28,"1,22,864","2,06,75,040.68",1405,"1,00,125",81.49
KOTAKNIFTY,EQ,14-Jun-2022,168.52,169.78,169.78,167,167.52,167.49,168.1,77589,"1,30,42,664.94",542,50651,65.28
KOTAKNIFTY,EQ,15-Jun-2022,167.49,165,169.48,165,167.35,167.44,167.54,16359,"27,40,837.94",378,11968,73.16
KOTAKNIFTY,EQ,16-Jun-2022,167.44,169.98,169.98,163.01,163.5,163.63,165.25,"6,95,853","11,49,91,158.74",2333,"6,67,510",95.93
KOTAKNIFTY,EQ,17-Jun-2022,163.63,163,164.3,161.63,163.84,163.4,162.94,60465,"98,52,218.61",773,34314,56.75
KOTAKNIFTY,EQ,20-Jun-2022,163.4,164.4,164.98,162.09,163.25,163.63,163.16,31729,"51,76,903.89",536,25250,79.58
KOTAKNIFTY,EQ,21-Jun-2022,163.63,165,167.1,163.85,166.53,166.44,166.08,12668,"21,03,912.31",386,10288,81.21
KOTAKNIFTY,EQ,22-Jun-2022,166.44,166.53,166.53,163.81,164.34,164.36,164.39,37887,"62,28,240.43",405,32205,85
KOTAKNIFTY,EQ,23-Jun-2022,164.36,164.35,166.23,163,165.5,165.27,164.77,31755,"52,32,360.61",469,20251,63.77
KOTAKNIFTY,EQ,24-Jun-2022,165.27,164.55,167.3,164.55,167,166.94,166.32,23295,"38,74,524.99",292,14808,63.57
KOTAKNIFTY,EQ,27-Jun-2022,166.94,169.6,169.6,167.01,168,168.11,168.48,20272,"34,15,453.54",424,11198,55.24
KOTAKNIFTY,EQ,28-Jun-2022,168.11,167.7,168.55,167,168.55,167.87,167.72,28396,"47,62,481.31",280,12445,43.83
KOTAKNIFTY,EQ,29-Jun-2022,167.87,167.79,168.2,166.11,167.71,167.51,167.14,18879,"31,55,480.47",312,10507,55.65
KOTAKNIFTY,EQ,30-Jun-2022,167.51,166.95,170,166.95,167.4,167.54,167.75,24840,"41,66,917.03",314,20355,81.94
KOTAKNIFTY,EQ,01-Jul-2022,167.54,168.6,168.6,165.05,168.05,168,166.4,25963,"43,20,177.10",503,20100,77.42
KOTAKNIFTY,EQ,04-Jul-2022,168,183.1,183.1,165,168.45,168.16,167.23,31165,"52,11,759.91",453,7207,23.13
KOTAKNIFTY,EQ,05-Jul-2022,168.16,168.52,170.2,167.71,168.03,168.07,169.22,38182,"64,61,069.40",456,20795,54.46
KOTAKNIFTY,EQ,06-Jul-2022,168.07,172.9,172.9,167.65,169.67,169.65,168.77,22904,"38,65,619.00",357,8435,36.83
KOTAKNIFTY,EQ,07-Jul-2022,169.65,170.68,171.62,169.82,171.34,171.26,170.4,"1,55,110","2,64,29,971.41",470,14916,9.62
KOTAKNIFTY,EQ,08-Jul-2022,171.26,196.9,196.9,171,172.01,171.85,171.81,14926,"25,64,465.20",277,7966,53.37
KOTAKNIFTY,EQ,11-Jul-2022,171.85,171,172.2,168.45,171.99,171.66,171.26,36731,"62,90,728.62",456,16809,45.76
KOTAKNIFTY,EQ,12-Jul-2022,171.66,171.3,171.61,170,170.56,170.64,171.01,17477,"29,88,688.67",315,13750,78.67
KOTAKNIFTY,EQ,13-Jul-2022,170.64,170.95,171.25,169.35,170.07,169.9,170.39,7142,"12,16,933.91",249,4181,58.54
KOTAKNIFTY,EQ,14-Jul-2022,169.9,170.17,170.89,168.6,169,169.15,169.38,27840,"47,15,516.82",382,11252,40.42
KOTAKNIFTY,EQ,15-Jul-2022,169.15,168.95,171,168.95,170.79,170.42,169.78,15747,"26,73,447.34",348,8690,55.19
KOTAKNIFTY,EQ,18-Jul-2022,170.42,172,173.31,171.17,173.3,173.19,172.43,83619,"1,44,18,359.02",600,67652,80.91
KOTAKNIFTY,EQ,19-Jul-2022,173.19,173.3,175,171.66,173.6,173.57,173.03,16170,"27,97,966.20",242,11393,70.46
KOTAKNIFTY,EQ,20-Jul-2022,173.57,174.95,176.44,174.65,174.7,174.84,175.21,35492,"62,18,527.28",343,30951,87.21
KOTAKNIFTY,EQ,21-Jul-2022,174.84,175.75,177.9,173.71,176.25,175.96,175.81,51955,"91,34,083.32",365,47622,91.66
KOTAKNIFTY,EQ,22-Jul-2022,175.96,176.5,177.5,176.22,177.15,177.12,176.99,70918,"1,25,51,696.46",421,54257,76.51
KOTAKNIFTY,EQ,25-Jul-2022,177.12,177.12,177.8,175,175.86,176.26,176.37,79161,"1,39,61,691.66",448,35707,45.11
KOTAKNIFTY,EQ,26-Jul-2022,176.26,176.25,176.36,174.75,175.64,175.62,175.91,59159,"1,04,06,687.30",361,54835,92.69
KOTAKNIFTY,EQ,27-Jul-2022,175.62,175.56,176.65,174.61,176.35,176.31,175.6,12143,"21,32,337.01",276,6075,50.03
KOTAKNIFTY,EQ,28-Jul-2022,176.31,177.9,180.56,177.34,179.56,179.68,179.51,84466,"1,51,62,438.67",1037,57903,68.55
KOTAKNIFTY,EQ,29-Jul-2022,179.68,179.59,182.5,179.59,181.42,181.77,181.41,81455,"1,47,76,566.37",534,20565,25.25
KOTAKNIFTY,EQ,01-Aug-2022,181.77,182.7,183.8,180.68,183.79,183.67,182.88,29884,"54,65,284.05",512,18049,60.4
KOTAKNIFTY,EQ,02-Aug-2022,183.67,184.95,188.85,182.01,183.91,183.87,183.44,73641,"1,35,08,556.81",485,55303,75.1
KOTAKNIFTY,EQ,03-Aug-2022,183.87,184.95,184.95,182.5,184.5,183.92,183.44,33912,"62,20,980.03",453,22324,65.83
KOTAKNIFTY,EQ,04-Aug-2022,183.92,184.52,185,181.74,184.31,183.82,184.09,"1,18,534","2,18,21,054.29",484,69648,58.76
KOTAKNIFTY,EQ,05-Aug-2022,183.82,183.82,185,183.73,184,184.23,184.46,31404,"57,92,629.27",363,23999,76.42
KOTAKNIFTY,EQ,08-Aug-2022,184.23,184.85,185.99,183.09,185.46,185.54,185.18,72335,"1,33,94,892.08",477,48015,66.38
KOTAKNIFTY,EQ,10-Aug-2022,185.54,183.58,187.68,183.58,185.94,185.73,185.81,44122,"81,98,139.55",454,35900,81.37
KOTAKNIFTY,EQ,11-Aug-2022,185.73,187.09,188.25,186.25,187.6,187.53,187.64,69531,"1,30,46,723.10",465,41304,59.4
KOTAKNIFTY,EQ,12-Aug-2022,187.53,187.53,189.63,185.65,187.5,187.15,187.22,35532,"66,52,324.59",303,19509,54.91
KOTAKNIFTY,EQ,16-Aug-2022,187.15,187.15,190.9,187.15,189.3,189.25,189.33,59346,"1,12,36,009.21",667,31723,53.45
KOTAKNIFTY,EQ,17-Aug-2022,189.25,189.19,190.6,189.19,190.25,190.46,190.12,68642,"1,30,50,480.35",404,58297,84.93
KOTAKNIFTY,EQ,18-Aug-2022,190.46,190.9,190.98,189.38,190.7,190.59,190.13,25056,"47,63,861.84",465,15820,63.14
KOTAKNIFTY,EQ,19-Aug-2022,190.59,189.05,191.3,187.67,188.11,188.5,188.08,"18,28,142","34,38,38,692.00",1455,"17,03,727",93.19
KOTAKNIFTY,EQ,22-Aug-2022,188.5,189.45,189.45,185.5,185.96,185.91,186.45,"10,87,695","20,28,00,190.31",1181,"9,98,376",91.79
KOTAKNIFTY,EQ,23-Aug-2022,185.91,185.96,187.42,184.52,186.88,186.72,186.56,"1,96,835","3,67,21,345.13",454,"1,77,836",90.35
KOTAKNIFTY,EQ,24-Aug-2022,186.72,185.2,187.85,184.73,187.29,187.04,186.91,16032,"29,96,465.28",330,10156,63.35
KOTAKNIFTY,EQ,25-Aug-2022,187.04,188,189.2,186,186,186.85,188.09,12788,"24,05,348.50",368,8618,67.39
KOTAKNIFTY,EQ,26-Aug-2022,186.85,187.2,188.42,186.61,187.5,187.28,187.7,10366,"19,45,748.11",264,7862,75.84
KOTAKNIFTY,EQ,29-Aug-2022,187.28,185,186,183.2,184.85,184.72,184.28,38977,"71,82,583.86",674,28532,73.2
KOTAKNIFTY,EQ,30-Aug-2022,184.72,185,190.5,185,189.98,190.05,189.9,"4,70,392","8,93,27,142.89",548,"2,58,278",54.91
KOTAKNIFTY,EQ,01-Sep-2022,190.05,188.8,189.69,185,186.98,186.63,186.07,"2,63,589","4,90,46,465.18",936,"1,53,205",58.12
KOTAKNIFTY,EQ,02-Sep-2022,186.63,187.89,188.2,186,186.71,186.66,186.78,17302,"32,31,673.32",317,11767,68.01
KOTAKNIFTY,EQ,05-Sep-2022,186.66,187.2,187.99,186.71,187.97,187.9,187.5,17250,"32,34,351.58",361,10185,59.04
KOTAKNIFTY,EQ,06-Sep-2022,187.9,188.3,188.77,186.91,187.96,187.92,187.81,"2,47,259","4,64,38,821.30",436,"2,07,558",83.94
KOTAKNIFTY,EQ,07-Sep-2022,187.92,186.99,187.89,186.5,187.35,187.43,187.13,49646,"92,90,191.51",289,43284,87.19
KOTAKNIFTY,EQ,08-Sep-2022,187.43,192.91,192.91,187.46,188.89,189.3,188.98,36593,"69,15,208.65",327,23853,65.18
KOTAKNIFTY,EQ,09-Sep-2022,189.3,193.8,193.8,188.99,189.78,189.69,189.89,17634,"33,48,573.51",388,12835,72.79
KOTAKNIFTY,EQ,12-Sep-2022,189.69,190.89,191.25,189.72,190.85,190.82,190.84,17146,"32,72,078.67",459,13861,80.84
KOTAKNIFTY,EQ,13-Sep-2022,190.82,190.86,192.2,190.86,192.12,192,191.65,40357,"77,34,321.89",388,32539,80.63
KOTAKNIFTY,EQ,14-Sep-2022,192,190.49,192.3,189.69,190.85,191.15,190.76,53681,"1,02,40,294.59",572,26787,49.9
KOTAKNIFTY,EQ,15-Sep-2022,191.15,193.9,193.9,190.11,190.45,190.42,190.89,18029,"34,41,608.30",450,12621,70
KOTAKNIFTY,EQ,16-Sep-2022,190.42,190,190.5,186.75,187.39,187.1,188.13,79772,"1,50,07,129.29",852,33955,42.57
KOTAKNIFTY,EQ,19-Sep-2022,187.1,187.39,188.31,186,188.19,187.83,187.5,23098,"43,30,849.73",562,14458,62.59
KOTAKNIFTY,EQ,20-Sep-2022,187.83,190.99,192,188.77,189.35,189.62,190.2,29351,"55,82,523.09",424,15990,54.48
KOTAKNIFTY,EQ,21-Sep-2022,189.62,187.51,190.02,187.51,188.63,188.88,189.11,22918,"43,34,111.02",305,13990,61.04
KOTAKNIFTY,EQ,22-Sep-2022,188.88,187.79,189,187.13,188.28,188.17,187.88,15952,"29,97,052.74",420,11141,69.84
KOTAKNIFTY,EQ,23-Sep-2022,188.17,188.17,188.17,184,184.66,184.73,185.58,78802,"1,46,24,327.40",1026,55333,70.22
KOTAKNIFTY,EQ,26-Sep-2022,184.73,184.66,184.66,181.41,182,181.96,182.3,82317,"1,50,06,106.61",1048,54165,65.8
KOTAKNIFTY,EQ,27-Sep-2022,181.96,185.59,185.59,181.02,182,181.75,181.8,"1,57,370","2,86,09,108.12",708,"1,47,994",94.04
KOTAKNIFTY,EQ,28-Sep-2022,181.75,181.64,182.3,179.65,179.65,180.11,180.67,45657,"82,48,881.54",652,35132,76.95
KOTAKNIFTY,EQ,29-Sep-2022,180.11,185.6,195.39,179.05,179.07,181.2,181.33,55894,"1,01,35,047.87",848,25883,46.31
KOTAKNIFTY,EQ,30-Sep-2022,181.2,181.6,183.41,178.8,182.56,182.47,179.83,"1,24,049","2,23,07,258.30",680,87703,70.7
KOTAKNIFTY,EQ,03-Oct-2022,182.47,186,193.4,179.71,180.35,180.35,180.77,97312,"1,75,91,427.39",698,28342,29.12
KOTAKNIFTY,EQ,04-Oct-2022,180.35,184.9,184.9,182.14,183.43,183.34,183.31,42786,"78,43,142.23",486,34573,80.8
KOTAKNIFTY,EQ,06-Oct-2022,183.34,187.79,187.79,183.4,184.46,184.11,184.55,18643,"34,40,533.21",438,13955,74.85
KOTAKNIFTY,EQ,07-Oct-2022,184.11,183.57,184.75,183.34,183.66,183.92,183.75,26163,"48,07,499.46",308,21219,81.1
KOTAKNIFTY,EQ,10-Oct-2022,183.92,183.09,184.08,181.6,183.6,183.65,182.8,18965,"34,66,789.83",574,11544,60.87
KOTAKNIFTY,EQ,11-Oct-2022,183.65,183.65,183.65,181.06,181.52,181.42,181.94,55307,"1,00,62,541.62",499,44334,80.16
KOTAKNIFTY,EQ,12-Oct-2022,181.42,192.3,192.3,180.59,181.87,182.03,181.35,75781,"1,37,42,587.95",501,32064,42.31
KOTAKNIFTY,EQ,13-Oct-2022,182.03,182.03,182.45,180.25,181,181.61,181.26,39871,"72,26,886.71",541,30474,76.43
KOTAKNIFTY,EQ,14-Oct-2022,181.61,183.01,184.94,182.75,183.35,183.09,183.84,53893,"99,07,910.12",399,35435,65.75
KOTAKNIFTY,EQ,17-Oct-2022,183.09,183.84,184.51,182.21,184.35,183.81,183.77,48131,"88,45,029.38",546,17636,36.64
KOTAKNIFTY,EQ,18-Oct-2022,183.81,187,194.18,184.13,186.8,186.46,186.52,"1,26,765","2,36,43,980.30",475,"1,04,214",82.21
KOTAKNIFTY,EQ,19-Oct-2022,186.46,193.69,193.69,186.1,186.7,186.3,186.7,12078,"22,54,992.70",268,8469,70.12
KOTAKNIFTY,EQ,20-Oct-2022,186.3,186.45,187,185.29,186.51,186.72,186.3,12046,"22,44,145.44",337,6817,56.59
KOTAKNIFTY,EQ,21-Oct-2022,186.72,187.69,188.21,186.83,186.83,187.28,187.49,53998,"1,01,24,200.29",438,29784,55.16
KOTAKNIFTY,EQ,24-Oct-2022,187.28,194.18,194.18,187.28,189.75,189.1,189.47,15473,"29,31,706.56",443,12717,82.19
KOTAKNIFTY,EQ,25-Oct-2022,189.1,189.5,189.95,187.86,189.07,188.95,188.93,30036,"56,74,808.48",491,24135,80.35
KOTAKNIFTY,EQ,27-Oct-2022,188.95,189.56,189.89,188.5,188.79,188.81,189.05,19773,"37,38,011.08",364,12653,63.99
KOTAKNIFTY,EQ,28-Oct-2022,188.81,194.18,194.18,188.51,189.49,189.13,189.22,29529,"55,87,370.31",364,21234,71.91
KOTAKNIFTY,EQ,31-Oct-2022,189.13,192.48,192.48,190.02,191.22,191.31,190.89,85723,"1,63,63,368.33",528,63108,73.62
KOTAKNIFTY,EQ,01-Nov-2022,191.31,191.99,193.39,191.73,192.94,193.03,192.61,"1,53,555","2,95,76,349.32",612,"1,16,319",75.75
KOTAKNIFTY,EQ,02-Nov-2022,193.03,193.03,193.29,191.96,191.96,192.34,192.57,14493,"27,90,971.21",323,9841,67.9
KOTAKNIFTY,EQ,03-Nov-2022,192.34,192.34,192.69,191.51,192.36,192.25,191.97,11847,"22,74,326.51",307,5652,47.71
KOTAKNIFTY,EQ,04-Nov-2022,192.25,192.26,192.99,191.71,192.7,192.51,192.05,25538,"49,04,488.94",274,19201,75.19
KOTAKNIFTY,EQ,07-Nov-2022,192.51,192.51,193.97,192.36,193.92,193.69,193.31,64505,"1,24,69,777.34",443,44320,68.71
KOTAKNIFTY,EQ,09-Nov-2022,193.69,194.67,212.1,192.99,193.01,193.23,193.71,34251,"66,34,929.55",461,23076,67.37
KOTAKNIFTY,EQ,10-Nov-2022,193.23,210.6,210.6,191.41,191.92,191.87,191.83,28630,"54,92,027.67",487,20801,72.65
KOTAKNIFTY,EQ,11-Nov-2022,191.87,193.11,195.34,193.11,195.2,195.25,194.91,26294,"51,24,943.89",381,21468,81.65
KOTAKNIFTY,EQ,14-Nov-2022,195.25,212.8,212.8,194.91,194.92,195.07,195.32,38659,"75,50,802.80",406,35243,91.16
KOTAKNIFTY,EQ,15-Nov-2022,195.07,195.49,196,194.57,196,195.71,194.93,51222,"99,84,917.64",451,32363,63.18
KOTAKNIFTY,EQ,16-Nov-2022,195.71,195.72,196.55,195.11,196,195.97,195.81,30977,"60,65,611.84",302,19661,63.47
KOTAKNIFTY,EQ,17-Nov-2022,195.97,195.8,196.13,194.8,194.8,195.3,195.78,18255,"35,74,049.21",339,15082,82.62
KOTAKNIFTY,EQ,18-Nov-2022,195.3,196.99,196.99,193.91,194.68,194.67,194.64,14372,"27,97,377.98",309,9696,67.46
KOTAKNIFTY,EQ,21-Nov-2022,194.67,212.2,212.2,193,193.8,193.35,193.43,19449,"37,61,930.21",393,13887,71.4
KOTAKNIFTY,EQ,22-Nov-2022,193.35,194.94,194.94,193.27,194.3,194.16,193.88,6592,"12,78,033.03",199,4152,62.99
KOTAKNIFTY,EQ,23-Nov-2022,194.16,194.51,195.08,194.2,194.35,194.34,194.47,12359,"24,03,497.84",210,7046,57.01
KOTAKNIFTY,EQ,24-Nov-2022,194.34,204.27,204.27,194.61,197,196.4,196.2,42021,"82,44,452.40",316,29849,71.03
KOTAKNIFTY,EQ,25-Nov-2022,196.4,196.77,197.48,196.21,197.35,196.97,196.69,46019,"90,51,346.31",449,25904,56.29
KOTAKNIFTY,EQ,28-Nov-2022,196.97,195.01,198,195.01,197.39,197.72,197.46,37372,"73,79,427.28",456,26079,69.78
KOTAKNIFTY,EQ,29-Nov-2022,197.72,198.43,198.77,197.7,198.24,198.24,198.4,19630,"38,94,681.80",345,13730,69.94
KOTAKNIFTY,EQ,30-Nov-2022,198.24,198.98,200.2,198.13,200,199.59,198.8,85086,"1,69,14,919.11",344,41897,49.24
KOTAKNIFTY,EQ,01-Dec-2022,199.59,202.99,202.99,199.76,199.99,200.1,200.24,88974,"1,78,15,858.40",397,81848,91.99
KOTAKNIFTY,EQ,02-Dec-2022,200.1,202.44,202.44,198.52,199.05,198.86,199.08,23126,"46,04,037.68",363,18767,81.15
KOTAKNIFTY,EQ,05-Dec-2022,198.86,198.13,199.5,181,199.36,198.98,198.82,38873,"77,28,915.28",518,23143,59.53
KOTAKNIFTY,EQ,06-Dec-2022,198.98,199.5,199.5,197.8,198.68,198.59,198.28,12857,"25,49,274.97",285,8834,68.71
KOTAKNIFTY,EQ,07-Dec-2022,198.59,180.7,199.02,180.7,197.5,197.68,198.06,16312,"32,30,686.49",331,10812,66.28
KOTAKNIFTY,EQ,08-Dec-2022,197.68,196.99,199,196.99,198.72,198.59,197.98,52306,"1,03,55,790.65",304,47305,90.44
KOTAKNIFTY,EQ,09-Dec-2022,198.59,199.89,199.89,196.5,197.99,197.1,197.58,29072,"57,43,975.53",422,19325,66.47
KOTAKNIFTY,EQ,12-Dec-2022,197.1,197.11,197.92,196,197.61,197.61,197.12,21401,"42,18,651.99",586,13335,62.31
KOTAKNIFTY,EQ,13-Dec-2022,197.61,197.69,198.6,197.21,198,198.04,197.84,7797,"15,42,593.71",278,4132,52.99
KOTAKNIFTY,EQ,14-Dec-2022,198.04,198.2,199.44,198.2,198.25,198.36,198.9,8573,"17,05,205.10",262,4284,49.97
KOTAKNIFTY,EQ,15-Dec-2022,198.36,200.15,200.15,196.4,196.55,196.72,197.3,50952,"1,00,52,916.37",645,44329,87
KOTAKNIFTY,EQ,16-Dec-2022,196.72,200.16,200.16,194.5,194.5,194.7,195.19,69738,"1,36,12,451.95",528,16181,23.2
KOTAKNIFTY,EQ,19-Dec-2022,194.7,205.33,205.33,194.27,196,196.12,195.26,23648,"46,17,412.60",442,20475,86.58
KOTAKNIFTY,EQ,20-Dec-2022,196.12,213.8,213.8,194,195.56,195.86,194.63,30065,"58,51,551.38",751,18222,60.61
KOTAKNIFTY,EQ,21-Dec-2022,195.86,200.15,200.15,193.51,194.64,194.14,194.76,50793,"98,92,286.58",561,25882,50.96
KOTAKNIFTY,EQ,22-Dec-2022,194.14,195.47,195.99,192.25,192.89,192.9,192.61,"4,74,402","9,13,75,687.99",651,"4,03,906",85.14
KOTAKNIFTY,EQ,23-Dec-2022,192.9,192.89,192.91,189.36,189.8,189.95,190.93,43778,"83,58,582.31",758,33674,76.92
KOTAKNIFTY,EQ,26-Dec-2022,189.95,189.94,192.39,189.01,191.76,191.64,191.09,40123,"76,67,291.05",468,29366,73.19
KOTAKNIFTY,EQ,27-Dec-2022,191.64,198.07,198.07,191.28,193.38,192.78,192.21,28120,"54,05,076.67",316,26013,92.51
KOTAKNIFTY,EQ,28-Dec-2022,192.78,206.41,206.41,192.53,192.53,192.92,193.13,6919,"13,36,238.65",285,4206,60.79
KOTAKNIFTY,EQ,29-Dec-2022,192.92,192.83,193.91,191.54,193.41,193.54,192.32,13702,"26,35,164.69",297,6955,50.76
KOTAKNIFTY,EQ,30-Dec-2022,193.54,194.14,194.85,192.48,193.64,193.34,193.77,10021,"19,41,790.30",293,5671,56.59
KOTAKNIFTY,EQ,02-Jan-2023,193.34,197.75,197.75,192.81,193.28,193.64,193.58,29030,"56,19,613.41",497,18908,65.13
KOTAKNIFTY,EQ,03-Jan-2023,193.64,195,195,192.98,194.01,194.07,193.75,20122,"38,98,661.63",338,8592,42.7
KOTAKNIFTY,EQ,04-Jan-2023,194.07,205.46,205.46,191.96,192.46,192.33,192.67,67986,"1,30,98,707.11",443,16223,23.86
KOTAKNIFTY,EQ,05-Jan-2023,192.33,193.31,193.32,191.01,192.18,191.55,191.84,23638,"45,34,722.30",452,12094,51.16
KOTAKNIFTY,EQ,06-Jan-2023,191.55,192.2,192.2,190,191.4,190.93,191.09,27268,"52,10,576.62",498,21905,80.33
KOTAKNIFTY,EQ,09-Jan-2023,190.93,193.99,193.99,191.21,192.75,192.62,192.36,23962,"46,09,332.62",527,16016,66.84
KOTAKNIFTY,EQ,10-Jan-2023,192.62,192.6,192.6,190.5,191.37,191.23,191.48,26218,"50,20,174.42",576,14965,57.08
KOTAKNIFTY,EQ,11-Jan-2023,191.23,191.24,192,190.11,191.25,191.14,191.21,24695,"47,21,869.36",398,10148,41.09
KOTAKNIFTY,EQ,12-Jan-2023,191.14,197,197,189.61,190.83,190.19,190.21,15604,"29,68,079.61",385,12942,82.94
KOTAKNIFTY,EQ,13-Jan-2023,190.19,190.94,191.93,189.28,191.08,191.17,190.72,12666,"24,15,677.56",321,9344,73.77
KOTAKNIFTY,EQ,16-Jan-2023,191.17,191.9,192.25,190.32,190.77,191.06,191.01,41840,"79,92,043.79",581,34693,82.92
KOTAKNIFTY,EQ,17-Jan-2023,191.06,191.19,192.54,190.95,191.85,191.98,191.31,56319,"1,07,74,191.61",334,40241,71.45
KOTAKNIFTY,EQ,18-Jan-2023,191.98,192.2,193.42,192.08,193.39,193.14,192.93,20149,"38,87,338.00",266,15236,75.62
KOTAKNIFTY,EQ,19-Jan-2023,193.14,192.98,193.12,192.4,192.66,192.65,192.63,17148,"33,03,161.05",216,15740,91.79
KOTAKNIFTY,EQ,20-Jan-2023,192.65,193.29,193.29,191.76,192.21,191.94,192.44,8622,"16,59,208.42",298,7267,84.28
KOTAKNIFTY,EQ,23-Jan-2023,191.94,192.11,193.66,192.11,192.8,193.15,193.12,25581,"49,40,154.33",327,23399,91.47
KOTAKNIFTY,EQ,24-Jan-2023,193.15,193.2,193.69,192.51,193.05,193.04,193.24,18594,"35,93,079.87",222,13490,72.55
KOTAKNIFTY,EQ,25-Jan-2023,193.04,192.91,192.91,190.61,191.51,191.23,191.37,47955,"91,77,312.71",473,30886,64.41
KOTAKNIFTY,EQ,27-Jan-2023,191.23,192,192,186.75,188.25,187.39,188.29,"1,43,106","2,69,44,930.31",1348,90026,62.91
KOTAKNIFTY,EQ,30-Jan-2023,187.39,187.39,190.6,186,188.47,188.32,187.58,31898,"59,83,281.64",717,22739,71.29
KOTAKNIFTY,EQ,31-Jan-2023,188.32,190,190,187.11,189.03,188.79,188.22,22688,"42,70,344.32",463,19280,84.98
KOTAKNIFTY,EQ,01-Feb-2023,188.79,188.89,191.63,186.05,187.2,187.71,188.58,34806,"65,63,870.05",637,20582,59.13
KOTAKNIFTY,EQ,02-Feb-2023,187.71,187.71,188.3,186.38,187.89,187.76,187.17,24848,"46,50,774.72",444,13002,52.33
KOTAKNIFTY,EQ,03-Feb-2023,187.76,188.12,190.44,187.31,189.4,189.86,189.16,54439,"1,02,97,762.22",380,47524,87.3
KOTAKNIFTY,EQ,06-Feb-2023,189.86,189.86,190.76,188.51,189.24,189.18,189.12,28667,"54,21,619.63",446,19683,68.66
KOTAKNIFTY,EQ,07-Feb-2023,189.18,189.69,189.9,188.11,188.8,188.83,188.88,20833,"39,34,933.30",354,13552,65.05
KOTAKNIFTY,EQ,08-Feb-2023,188.83,194.5,194.5,189.2,190.2,190.49,190.35,57843,"1,10,10,606.54",390,40695,70.35
KOTAKNIFTY,EQ,09-Feb-2023,190.49,190.3,191.04,189.36,190.85,190.46,190.55,12154,"23,16,000.70",299,7802,64.19
KOTAKNIFTY,EQ,10-Feb-2023,190.46,191.12,191.12,189.51,190.6,190.17,190.16,15133,"28,77,667.05",352,12126,80.13
KOTAKNIFTY,EQ,13-Feb-2023,190.17,190.52,190.75,189,189.8,189.84,189.66,39938,"75,74,804.98",385,30370,76.04
KOTAKNIFTY,EQ,14-Feb-2023,189.84,190.01,192.2,189.61,192,191.74,191.7,"5,59,407","10,72,36,167.73",893,"5,53,347",98.92
KOTAKNIFTY,EQ,15-Feb-2023,191.74,191.71,192.25,190.75,192.1,192.07,191.3,50832,"97,24,065.82",420,14077,27.69
KOTAKNIFTY,EQ,16-Feb-2023,192.07,192.07,193.5,192.06,192.06,192.35,192.61,19232,"37,04,190.07",353,14717,76.52
KOTAKNIFTY,EQ,17-Feb-2023,192.35,192.13,192.55,190.94,191.7,191.4,191.67,23378,"44,80,869.67",325,18731,80.12
KOTAKNIFTY,EQ,20-Feb-2023,191.4,193,193,190.41,190.87,190.79,191.42,14829,"28,38,596.90",440,11032,74.39
KOTAKNIFTY,EQ,21-Feb-2023,190.79,190.95,191.42,190.12,190.8,190.65,190.72,22563,"43,03,280.30",282,12106,53.65
KOTAKNIFTY,EQ,22-Feb-2023,190.65,190.14,190.14,187.49,188.88,188.36,188.48,41286,"77,81,610.85",743,26742,64.77
KOTAKNIFTY,EQ,23-Feb-2023,188.36,188.1,188.4,186.7,187.31,187.18,187.6,19578,"36,72,918.92",437,13955,71.28
KOTAKNIFTY,EQ,24-Feb-2023,187.18,188,188,186,186.69,186.59,186.64,31024,"57,90,273.67",583,20765,66.93
KOTAKNIFTY,EQ,27-Feb-2023,186.59,186.2,186.5,185,186.22,185.92,185.66,35264,"65,47,250.22",696,25352,71.89
KOTAKNIFTY,EQ,28-Feb-2023,185.92,189,189.64,184.24,185.36,185.02,185.47,22495,"41,72,224.80",600,17334,77.06
KOTAKNIFTY,EQ,01-Mar-2023,185.02,185.89,186.5,185.4,186.5,186.45,186.09,14416,"26,82,739.52",310,11422,79.23
KOTAKNIFTY,EQ,02-Mar-2023,186.45,186.44,186.44,184.82,185.24,185.22,185.33,54238,"1,00,51,851.79",534,32832,60.53
KOTAKNIFTY,EQ,03-Mar-2023,185.22,185.66,187.98,185.66,187.98,187.86,186.96,35927,"67,16,758.36",393,28656,79.76
KOTAKNIFTY,EQ,06-Mar-2023,187.86,189.44,189.69,188,188.53,188.65,189.15,19063,"36,05,705.87",439,12439,65.25
KOTAKNIFTY,EQ,08-Mar-2023,188.65,188.09,189.28,187.68,188.72,189.04,188.63,16377,"30,89,239.65",344,12878,78.63
KOTAKNIFTY,EQ,09-Mar-2023,189.04,189.2,189.3,187.58,187.95,187.8,188.11,11935,"22,45,084.73",300,7585,63.55
KOTAKNIFTY,EQ,10-Mar-2023,187.8,187.95,187.95,185.04,186.28,186.15,185.9,34726,"64,55,620.87",583,32392,93.28
KOTAKNIFTY,EQ,13-Mar-2023,186.15,188,188,183.01,184.2,183.65,184.34,78634,"1,44,95,749.06",968,57052,72.55
KOTAKNIFTY,EQ,14-Mar-2023,183.65,186.01,186.01,181.67,182.5,182.26,182.5,71865,"1,31,15,179.68",1029,50777,70.66
KOTAKNIFTY,EQ,15-Mar-2023,182.26,182.98,183.94,181,181.64,181.5,182.65,27818,"50,80,992.25",660,21694,77.99
KOTAKNIFTY,EQ,16-Mar-2023,181.5,183.49,183.49,180,181.74,181.62,181.07,40067,"72,54,804.90",697,35965,89.76
KOTAKNIFTY,EQ,17-Mar-2023,181.62,182.71,183.21,181.25,183,182.77,182.24,16648,"30,33,931.87",454,12250,73.58
KOTAKNIFTY,EQ,20-Mar-2023,182.77,181.76,184.6,180,181.4,181.56,180.9,49902,"90,27,266.64",1011,41775,83.71
KOTAKNIFTY,EQ,21-Mar-2023,181.56,182,182.65,181.56,182.6,182.58,182.34,20888,"38,08,821.36",478,17125,81.98
KOTAKNIFTY,EQ,22-Mar-2023,182.58,183.99,186.93,179.6,183.5,183.08,183.31,45064,"82,60,593.69",595,39318,87.25
KOTAKNIFTY,EQ,23-Mar-2023,183.08,182.54,183.7,182,182.18,182.32,182.81,31401,"57,40,420.06",486,16842,53.64
KOTAKNIFTY,EQ,24-Mar-2023,182.32,182.65,182.77,180.8,180.9,181.14,181.64,30561,"55,51,044.55",508,17540,57.39
KOTAKNIFTY,EQ,27-Mar-2023,181.14,183.14,184,180.14,182.2,181.25,181.24,44160,"80,03,351.93",630,20137,45.6
KOTAKNIFTY,EQ,28-Mar-2023,181.25,182.2,182.2,180.38,181.25,181.22,181.13,19420,"35,17,486.94",422,15123,77.87
KOTAKNIFTY,EQ,29-Mar-2023,181.22,181.3,183.14,180.65,183.14,182.08,181.45,24800,"44,99,870.23",420,17886,72.12
KOTAKNIFTY,EQ,31-Mar-2023,182.08,184.44,185.08,183.14,184.67,184.89,184.55,81271,"1,49,98,332.82",571,68332,84.08
KOTAKNIFTY,EQ,03-Apr-2023,184.89,184.89,187.6,184.42,185.7,185.58,185.13,58658,"1,08,59,317.42",676,40983,69.87
KOTAKNIFTY,EQ,05-Apr-2023,185.58,185.58,187.1,185.58,186.9,186.97,186.51,23340,"43,53,039.45",523,15511,66.46
KOTAKNIFTY,EQ,06-Apr-2023,186.97,186.96,188,186.2,187.4,187.39,187.48,32121,"60,22,180.03",413,23031,71.7
KOTAKNIFTY,EQ,10-Apr-2023,187.39,187,188.7,185.75,188.2,187.89,188.1,25911,"48,73,947.41",604,10144,39.15
KOTAKNIFTY,EQ,11-Apr-2023,187.89,187.89,189.19,187.89,188.86,188.79,188.73,21454,"40,48,916.80",309,17467,81.42
KOTAKNIFTY,EQ,12-Apr-2023,188.79,189.59,189.8,188.79,189.65,189.61,189.38,30272,"57,32,790.42",351,21084,69.65
KOTAKNIFTY,EQ,13-Apr-2023,189.61,189.94,189.95,188.83,189.72,189.87,189.44,34378,"65,12,656.39",348,24398,70.97
KOTAKNIFTY,EQ,17-Apr-2023,189.87,190.89,190.89,187.6,189.2,188.9,188.46,70917,"1,33,65,121.84",874,39550,55.77
KOTAKNIFTY,EQ,18-Apr-2023,188.9,189.26,189.4,187.65,188.12,188.23,188.39,40135,"75,61,138.37",342,18542,46.2
KOTAKNIFTY,EQ,19-Apr-2023,188.23,188.23,189.09,187.32,188.27,187.85,188,24456,"45,97,664.25",290,11136,45.53
KOTAKNIFTY,EQ,20-Apr-2023,187.85,187.68,188.69,187.33,188.2,187.96,187.87,12276,"23,06,243.49",294,7220,58.81
KOTAKNIFTY,EQ,21-Apr-2023,187.96,188.44,188.63,187.53,188.33,188.21,188.11,8069,"15,17,833.46",233,6740,83.53
KOTAKNIFTY,EQ,24-Apr-2023,188.21,189.79,189.79,187.64,188.5,189.11,188.5,14694,"27,69,890.46",402,10220,69.55
KOTAKNIFTY,EQ,25-Apr-2023,189.11,188.99,189.75,188.8,189.5,189.42,189.26,9762,"18,47,519.81",312,7653,78.4
KOTAKNIFTY,EQ,26-Apr-2023,189.42,189.33,189.85,188.91,189.24,189.72,189.48,9837,"18,63,867.79",234,8256,83.93
KOTAKNIFTY,EQ,27-Apr-2023,189.72,189.73,191.2,189.58,191.03,190.94,190.47,27709,"52,77,808.83",321,25112,90.63
KOTAKNIFTY,EQ,28-Apr-2023,190.94,191.59,193.06,190.49,191.78,192.4,191.25,28062,"53,66,774.41",396,23772,84.71
KOTAKNIFTY,EQ,02-May-2023,192.4,194.04,194.04,192.5,193.51,193.44,193.38,35330,"68,32,064.35",643,26036,73.69
KOTAKNIFTY,EQ,03-May-2023,193.44,193.51,193.51,192.35,193.04,192.98,192.91,19184,"37,00,756.87",365,14488,75.52
KOTAKNIFTY,EQ,04-May-2023,192.98,193.49,194.59,192.6,194.4,194.43,193.54,68190,"1,31,97,753.20",359,47709,69.96
KOTAKNIFTY,EQ,05-May-2023,194.43,195.99,195.99,192.42,193.48,192.65,193.47,35273,"68,24,197.07",452,25494,72.28
KOTAKNIFTY,EQ,08-May-2023,192.65,192.65,194.88,192,194.25,194.54,194.33,15992,"31,07,804.23",552,10822,67.67
KOTAKNIFTY,EQ,09-May-2023,194.54,194.99,195.43,194.18,194.31,195.39,195.35,"5,50,577","10,75,57,609.78",416,"4,89,467",88.9
KOTAKNIFTY,EQ,10-May-2023,195.39,196.59,196.59,194.28,195.08,195.03,194.7,12183,"23,72,035.37",385,9060,74.37
KOTAKNIFTY,EQ,11-May-2023,195.03,196.48,196.48,194.79,195,194.99,195.13,61732,"1,20,45,638.33",638,58700,95.09
KOTAKNIFTY,EQ,12-May-2023,194.99,194.99,195.55,193.83,195.35,195.15,194.95,21680,"42,26,590.71",401,15557,71.76
KOTAKNIFTY,EQ,15-May-2023,195.15,196.45,196.56,194.99,196,195.89,196.05,36319,"71,20,343.39",666,32784,90.27
KOTAKNIFTY,EQ,16-May-2023,195.89,196.29,196.73,194.61,195,195,195.67,48181,"94,27,356.23",469,36210,75.15
KOTAKNIFTY,EQ,17-May-2023,195,195.07,195.3,193.66,193.81,194.12,194.27,53234,"1,03,41,994.18",417,35880,67.4
KOTAKNIFTY,EQ,18-May-2023,194.12,195.34,195.49,193.48,194.28,193.97,194.57,5319,"10,34,891.71",262,3167,59.54
KOTAKNIFTY,EQ,19-May-2023,193.97,194.57,194.57,193.4,194.5,194.49,193.95,16285,"31,58,487.88",312,13035,80.04
KOTAKNIFTY,EQ,22-May-2023,194.49,196.25,196.25,193,195.86,195.47,195.3,14733,"28,77,357.40",532,10981,74.53
KOTAKNIFTY,EQ,23-May-2023,195.47,196.75,196.75,195.69,196.02,196.09,196.36,32680,"64,17,109.38",330,26212,80.21
KOTAKNIFTY,EQ,24-May-2023,196.09,195.72,196.4,195,195.7,195.38,195.88,12518,"24,52,084.37",388,7908,63.17
KOTAKNIFTY,EQ,25-May-2023,195.38,195.38,196.76,194.41,195.73,195.52,195.14,7951,"15,51,552.75",315,4918,61.85
KOTAKNIFTY,EQ,26-May-2023,195.52,196.24,197.58,195.87,197.56,197.48,196.71,61706,"1,21,38,056.99",382,55836,90.49
